model_name,split,accuracy,macro_precision,macro_recall,macro_f1,weighted_f1
resnet50,test,0.9946,0.9947139065337223,0.9943760746561695,0.9945421127160216,0.9945998917173926
resnet18,test,0.9888666666666667,0.9887040815380941,0.9890895767602661,0.9888683134757597,0.9888993328882804
small_cnn,test,0.9697333333333333,0.969740527639284,0.9702298224395745,0.9696703509135616,0.9699336434565682
