model_name,split,accuracy,macro_precision,macro_recall,macro_f1,weighted_f1
resnet50,test,0.9946,0.9947139065337223,0.9943760746561695,0.9945421127160216,0.9945998917173926
