,ADI,BACK,DEB,LYM,MUC,MUS,NORM,STR,TUM
ADI,0.9993593850096092,0.0,0.0,0.0,0.0,0.0,0.0,0.0006406149903907751,0.0
BACK,0.0,1.0,0.0,0.0,0.0,0.0,0.0,0.0,0.0
DEB,0.0,0.0,0.996523754345307,0.0,0.0005793742757821553,0.0005793742757821553,0.0005793742757821553,0.0005793742757821553,0.0011587485515643105
LYM,0.0,0.0,0.0,0.9982688978649741,0.0,0.0,0.001154068090017311,0.0,0.0005770340450086555
MUC,0.0,0.0,0.00299625468164794,0.0,0.9902621722846442,0.0,0.0,0.00299625468164794,0.003745318352059925
MUS,0.0004923682914820286,0.0,0.0004923682914820286,0.0,0.0,0.9940915805022157,0.0,0.004923682914820286,0.0
NORM,0.0,0.0,0.0,0.0,0.0022813688212927757,0.0,0.9885931558935361,0.0007604562737642585,0.008365019011406844
STR,0.0,0.0,0.006381620931716656,0.0,0.0,0.003190810465858328,0.0006381620931716656,0.9878749202297383,0.0019144862795149968
TUM,0.0,0.0,0.0004657661853749418,0.0004657661853749418,0.0018630647414997672,0.0009315323707498836,0.0018630647414997672,0.0,0.9944108057755007
