model_name,split,accuracy,macro_precision,macro_recall,macro_f1,weighted_f1
resnet18,test,0.9888666666666667,0.9887040815380941,0.9890895767602661,0.9888683134757597,0.9888993328882804
