,ADI,BACK,DEB,LYM,MUC,MUS,NORM,STR,TUM
ADI,0.9961563100576554,0.0,0.0,0.0,0.0,0.0032030749519538757,0.0,0.0006406149903907751,0.0
BACK,0.0006309148264984228,0.9993690851735015,0.0,0.0,0.0,0.0,0.0,0.0,0.0
DEB,0.0,0.0017381228273464658,0.9866743916570104,0.0005793742757821553,0.0,0.0005793742757821553,0.0017381228273464658,0.007531865585168019,0.0011587485515643105
LYM,0.0,0.0,0.001154068090017311,0.9959607616849394,0.0,0.0,0.0017311021350259665,0.001154068090017311,0.0
MUC,0.000749063670411985,0.0,0.00149812734082397,0.0,0.9835205992509364,0.000749063670411985,0.0,0.010486891385767791,0.00299625468164794
MUS,0.0004923682914820286,0.0,0.0,0.0,0.0,0.9871984244214672,0.0,0.012309207287050714,0.0
NORM,0.0,0.0,0.0007604562737642585,0.0,0.0022813688212927757,0.0007604562737642585,0.990874524714829,0.0038022813688212928,0.001520912547528517
STR,0.0,0.0,0.005105296745373325,0.0,0.0,0.012763241863433313,0.0012763241863433313,0.9802169751116784,0.0006381620931716656
TUM,0.0,0.0,0.0027945971122496508,0.0004657661853749418,0.0032603632976245926,0.0004657661853749418,0.004657661853749418,0.006520726595249185,0.9818351187703773
