,ADI,BACK,DEB,LYM,MUC,MUS,NORM,STR,TUM
ADI,0.994234465086483,0.0019218449711723255,0.0,0.0,0.0006406149903907751,0.0019218449711723255,0.0006406149903907751,0.0006406149903907751,0.0
BACK,0.0018927444794952682,0.9943217665615142,0.0,0.0,0.0037854889589905363,0.0,0.0,0.0,0.0
DEB,0.0,0.0028968713789107765,0.9409038238702202,0.0028968713789107765,0.0011587485515643105,0.0011587485515643105,0.0005793742757821553,0.0388180764774044,0.011587485515643106
LYM,0.0,0.0,0.0,0.9924985574148875,0.0,0.0,0.003462204270051933,0.0017311021350259665,0.002308136180034622
MUC,0.00599250936329588,0.000749063670411985,0.000749063670411985,0.0,0.949063670411985,0.0,0.010486891385767791,0.029213483146067417,0.003745318352059925
MUS,0.007385524372230428,0.0009847365829640572,0.0009847365829640572,0.0,0.0014771048744460858,0.9615952732644018,0.0004923682914820286,0.02708025603151157,0.0
NORM,0.001520912547528517,0.0,0.0,0.0022813688212927757,0.003041825095057034,0.0,0.9802281368821293,0.003041825095057034,0.00988593155893536
STR,0.0,0.0006381620931716656,0.004467134652201659,0.0,0.0012763241863433313,0.026802807913209957,0.0019144862795149968,0.9578813018506701,0.007019783024888321
TUM,0.0004657661853749418,0.0004657661853749418,0.0013972985561248254,0.0009315323707498836,0.0027945971122496508,0.0009315323707498836,0.016767582673497903,0.014904517931998137,0.9613414066138798
